Workbook

Sheet AttackPattern
A1: PatternID | B1: Name | C1: RangeMode | D1: ShapePoolID | E1: TilePath | F1: HitMin | G1: HitMax | H1: GapMinMs | I1: GapMaxMs | J1: ResponseMs | K1: ExtraMinMs | L1: ExtraMaxMs | M1: AvoidRepeat | N1: CanDefend | O1: BreakTiles | P1: Notes
A2: 20001 | B2: 랜덤 단일 | C2: 범위 반복 | D2: 60001 | F2: 1 | G2: 1 | K2: 0 | L2: 0 | M2: TRUE | N2: TRUE | O2: FALSE | P2: 범위 하나를 뽑아 1회 타격
A3: 30001 | B3: 랜덤 2~5연속 | C3: 범위 반복 | D3: 60001 | F3: 2 | G3: 5 | H3: 300 | I3: 600 | K3: 0 | L3: 0 | M3: TRUE | N3: TRUE | O3: FALSE | P3: 모든 파란 숫자 예고 후 같은 박자로 타격
A4: 40001 | B4: 순차 타일 | C4: 경로 순차 | D4: 70001 | H4: 300 | I4: 300 | K4: 0 | L4: 0 | M4: FALSE | N4: TRUE | O4: FALSE | P4: 경로 하나 선택 → 타일별 예고 → 모션 1회·순차 타격
A5: 20002 | B5: 엇박 단일 | C5: 범위 반복 | D5: 60001 | F5: 1 | G5: 1 | K5: 500 | L5: 500 | M5: TRUE | N5: TRUE | O5: FALSE | P5: 단일 공격에 500ms 추가 대기
A6: 20003 | B6: 방어 불가 · 전체 타일 제외 | C6: 범위 반복 | D6: 60003 | F6: 1 | G6: 1 | K6: 0 | L6: 0 | M6: TRUE | N6: FALSE | O6: FALSE | P6: 후보 1~8 사용. 전체 9칸 동시 공격 제외. 패링·가드 불가
A7: 20010 | B7: 타일 파괴 단일 | C7: 범위 반복 | D7: 60001 | F7: 1 | G7: 1 | K7: 0 | L7: 0 | M7: TRUE | N7: TRUE | O7: TRUE | P7: 기능 예시. 이 속성은 다른 공격에도 켤 수 있음
A8: 40002 | B8: ㄹ자 9칸 순차 | C8: 경로 순차 | E8: 1,4,7,8,5,2,3,6,9 | H8: 300 | I8: 300 | K8: 0 | L8: 0 | M8: FALSE | N8: TRUE | O8: FALSE | P8: 경로만 입력. 9타 자동 결정
A9: 40003 | B9: 대각선 3칸 순차 | C9: 경로 순차 | E9: 1,5,9 | H9: 300 | I9: 300 | K9: 0 | L9: 0 | M9: FALSE | N9: TRUE | O9: FALSE | P9: 1→5→9 예고 완료 후 연속 타격
A10: 50001 | B10: 샌즈 상대 밀치기 | C10: 밀친 위치 | J10: 550 | K10: 0 | L10: 0 | M10: FALSE | N10: TRUE | O10: FALSE | P10: 방향·시간은 이동·연출에 작성. 수치·방어 임시
A11: 20020 | B11: 샌즈 블래스터 | C11: 범위 반복 | D11: 60001 | F11: 1 | G11: 1 | K11: 0 | L11: 0 | M11: TRUE | N11: TRUE | O11: FALSE | P11: 랜덤 단일 + 이동 없음 + 레이저 연출. 타격 1회
A12: 30002 | B12: 랜덤 2~3연속 | C12: 범위 반복 | D12: 60001 | F12: 2 | G12: 3 | H12: 300 | I12: 600 | K12: 0 | L12: 0 | M12: TRUE | N12: TRUE | O12: FALSE | P12: 초반 몬스터용 예시. 30001 복사 후 횟수만 변경.
A13: 30003 | B13: 랜덤 4~5연속 | C13: 범위 반복 | D13: 60001 | F13: 4 | G13: 5 | H13: 300 | I13: 600 | K13: 0 | L13: 0 | M13: TRUE | N13: TRUE | O13: FALSE | P13: 후반 몬스터용 예시. 별도 ID로 독립 참조.
A14: 20004 | B14: 단일 · 후보 1~4 | C14: 범위 반복 | D14: 60002 | F14: 1 | G14: 1 | K14: 0 | L14: 0 | M14: TRUE | N14: TRUE | O14: FALSE | P14: 20001과 같은 단일, 범위 풀만 60002로 변경.
A15: 20011 | B15: 느긋한 엇박 단일 | C15: 범위 반복 | D15: 60001 | F15: 1 | G15: 1 | J15: 882 | K15: 588 | L15: 588 | M15: TRUE | N15: TRUE | O15: FALSE | P15: 기존 엇박의 시간만 다른 변형. 필요한 몬스터·페이즈에서 재사용하세요.
A16: 20012 | B16: 빠른 엇박 단일 | C16: 범위 반복 | D16: 60001 | F16: 1 | G16: 1 | J16: 652 | K16: 435 | L16: 435 | M16: TRUE | N16: TRUE | O16: FALSE | P16: 기존 엇박의 시간만 다른 변형. 필요한 몬스터·페이즈에서 재사용하세요.
A17: 20013 | B17: 더 빠른 엇박 단일 | C17: 범위 반복 | D17: 60001 | F17: 1 | G17: 1 | J17: 577 | K17: 385 | L17: 385 | M17: TRUE | N17: TRUE | O17: FALSE | P17: 기존 엇박의 시간만 다른 변형. 필요한 몬스터·페이즈에서 재사용하세요.

Sheet PatternPresentation
A1: PatternID | B1: PatternName | C1: MoveType | D1: MoveSpeed | E1: MoveDistance | F1: MotionKey | G1: Effect | H1: SoundKey | I1: EffectMs | J1: PushDirection | K1: PushTiles | L1: PushLeadMs | M1: PushMoveMs | N1: Notes
A2: 50001 | B2: =IF(A2="","",IF(COUNTIF('AttackPattern'!$A$2:$A$203,A2)=0,"ID 확인",INDEX('AttackPattern'!$B$2:$B$203,MATCH(A2,'AttackPattern'!$A$2:$A$203,0)))) -> 샌즈 상대 밀치기 | C2: 없음 | G2: 기본 | J2: 좌우 무작위 | K2: 1 | L2: 300 | M2: 150 | N2: 예고 300 + 강제이동 150 + 탈출 550ms. 임시값.
A3: 20020 | B3: =IF(A3="","",IF(COUNTIF('AttackPattern'!$A$2:$A$203,A3)=0,"ID 확인",INDEX('AttackPattern'!$B$2:$B$203,MATCH(A3,'AttackPattern'!$A$2:$A$203,0)))) -> 샌즈 블래스터 | C3: 없음 | G3: 블래스터 레이저 | I3: 500 | N3: 모션·소리·레이저 프리셋 연결 필요. 표시 500ms 임시.

Sheet MonsterPattern
A1: MonsterID | B1: Name | C1: PhaseID | D1: PatternID | E1: PatternName | F1: HitDamage | G1: Weight | H1: Enabled | I1: Notes
A2: 10001 | B2: =IF(A2="","",IF(COUNTIF('MonsterPhase'!$A$2:$A$203,A2)=0,"ID 확인",INDEX('MonsterPhase'!$B$2:$B$203,MATCH(A2,'MonsterPhase'!$A$2:$A$203,0)))) -> 취준좀비 | C2: 1 | D2: 20001 | E2: =IF(D2="","",IF(COUNTIF('AttackPattern'!$A$2:$A$203,D2)=0,"ID 확인",INDEX('AttackPattern'!$B$2:$B$203,MATCH(D2,'AttackPattern'!$A$2:$A$203,0)))) -> 랜덤 단일 | F2: 20 | G2: 70 | H2: TRUE | I2: 단일 공격: 70
A3: 10001 | B3: =IF(A3="","",IF(COUNTIF('MonsterPhase'!$A$2:$A$203,A3)=0,"ID 확인",INDEX('MonsterPhase'!$B$2:$B$203,MATCH(A3,'MonsterPhase'!$A$2:$A$203,0)))) -> 취준좀비 | C3: 1 | D3: 40001 | E3: =IF(D3="","",IF(COUNTIF('AttackPattern'!$A$2:$A$203,D3)=0,"ID 확인",INDEX('AttackPattern'!$B$2:$B$203,MATCH(D3,'AttackPattern'!$A$2:$A$203,0)))) -> 순차 타일 | F3: 20 | G3: 30 | H3: TRUE | I3: 순차 공격: 30
A4: 10001 | B4: =IF(A4="","",IF(COUNTIF('MonsterPhase'!$A$2:$A$203,A4)=0,"ID 확인",INDEX('MonsterPhase'!$B$2:$B$203,MATCH(A4,'MonsterPhase'!$A$2:$A$203,0)))) -> 취준좀비 | C4: 2 | D4: 20001 | E4: =IF(D4="","",IF(COUNTIF('AttackPattern'!$A$2:$A$203,D4)=0,"ID 확인",INDEX('AttackPattern'!$B$2:$B$203,MATCH(D4,'AttackPattern'!$A$2:$A$203,0)))) -> 랜덤 단일 | F4: 20 | G4: 60 | H4: TRUE | I4: 단일 공격: 60
A5: 10001 | B5: =IF(A5="","",IF(COUNTIF('MonsterPhase'!$A$2:$A$203,A5)=0,"ID 확인",INDEX('MonsterPhase'!$B$2:$B$203,MATCH(A5,'MonsterPhase'!$A$2:$A$203,0)))) -> 취준좀비 | C5: 2 | D5: 40001 | E5: =IF(D5="","",IF(COUNTIF('AttackPattern'!$A$2:$A$203,D5)=0,"ID 확인",INDEX('AttackPattern'!$B$2:$B$203,MATCH(D5,'AttackPattern'!$A$2:$A$203,0)))) -> 순차 타일 | F5: 20 | G5: 40 | H5: TRUE | I5: 순차 공격: 40
A6: 10002 | B6: =IF(A6="","",IF(COUNTIF('MonsterPhase'!$A$2:$A$203,A6)=0,"ID 확인",INDEX('MonsterPhase'!$B$2:$B$203,MATCH(A6,'MonsterPhase'!$A$2:$A$203,0)))) -> 취객 | C6: 1 | D6: 20001 | E6: =IF(D6="","",IF(COUNTIF('AttackPattern'!$A$2:$A$203,D6)=0,"ID 확인",INDEX('AttackPattern'!$B$2:$B$203,MATCH(D6,'AttackPattern'!$A$2:$A$203,0)))) -> 랜덤 단일 | F6: 1 | G6: 40 | H6: TRUE | I6: 단일 공격: 40
A7: 10002 | B7: =IF(A7="","",IF(COUNTIF('MonsterPhase'!$A$2:$A$203,A7)=0,"ID 확인",INDEX('MonsterPhase'!$B$2:$B$203,MATCH(A7,'MonsterPhase'!$A$2:$A$203,0)))) -> 취객 | C7: 1 | D7: 20011 | E7: =IF(D7="","",IF(COUNTIF('AttackPattern'!$A$2:$A$203,D7)=0,"ID 확인",INDEX('AttackPattern'!$B$2:$B$203,MATCH(D7,'AttackPattern'!$A$2:$A$203,0)))) -> 느긋한 엇박 단일 | F7: 1 | G7: 60 | H7: TRUE | I7: 술 깨기 1/4. 기존 패턴의 피할 시간·엇박 추가 시간으로 속도 조절.
A8: 10002 | B8: =IF(A8="","",IF(COUNTIF('MonsterPhase'!$A$2:$A$203,A8)=0,"ID 확인",INDEX('MonsterPhase'!$B$2:$B$203,MATCH(A8,'MonsterPhase'!$A$2:$A$203,0)))) -> 취객 | C8: 2 | D8: 20001 | E8: =IF(D8="","",IF(COUNTIF('AttackPattern'!$A$2:$A$203,D8)=0,"ID 확인",INDEX('AttackPattern'!$B$2:$B$203,MATCH(D8,'AttackPattern'!$A$2:$A$203,0)))) -> 랜덤 단일 | F8: 1 | G8: 40 | H8: TRUE | I8: 단일 공격: 40
A9: 10002 | B9: =IF(A9="","",IF(COUNTIF('MonsterPhase'!$A$2:$A$203,A9)=0,"ID 확인",INDEX('MonsterPhase'!$B$2:$B$203,MATCH(A9,'MonsterPhase'!$A$2:$A$203,0)))) -> 취객 | C9: 2 | D9: 20002 | E9: =IF(D9="","",IF(COUNTIF('AttackPattern'!$A$2:$A$203,D9)=0,"ID 확인",INDEX('AttackPattern'!$B$2:$B$203,MATCH(D9,'AttackPattern'!$A$2:$A$203,0)))) -> 엇박 단일 | F9: 1 | G9: 60 | H9: TRUE | I9: 술 깨기 2/4. 기존 패턴의 피할 시간·엇박 추가 시간으로 속도 조절.
A10: 10002 | B10: =IF(A10="","",IF(COUNTIF('MonsterPhase'!$A$2:$A$203,A10)=0,"ID 확인",INDEX('MonsterPhase'!$B$2:$B$203,MATCH(A10,'MonsterPhase'!$A$2:$A$203,0)))) -> 취객 | C10: 3 | D10: 20001 | E10: =IF(D10="","",IF(COUNTIF('AttackPattern'!$A$2:$A$203,D10)=0,"ID 확인",INDEX('AttackPattern'!$B$2:$B$203,MATCH(D10,'AttackPattern'!$A$2:$A$203,0)))) -> 랜덤 단일 | F10: 1 | G10: 40 | H10: TRUE | I10: 단일 공격: 40
A11: 10002 | B11: =IF(A11="","",IF(COUNTIF('MonsterPhase'!$A$2:$A$203,A11)=0,"ID 확인",INDEX('MonsterPhase'!$B$2:$B$203,MATCH(A11,'MonsterPhase'!$A$2:$A$203,0)))) -> 취객 | C11: 3 | D11: 20012 | E11: =IF(D11="","",IF(COUNTIF('AttackPattern'!$A$2:$A$203,D11)=0,"ID 확인",INDEX('AttackPattern'!$B$2:$B$203,MATCH(D11,'AttackPattern'!$A$2:$A$203,0)))) -> 빠른 엇박 단일 | F11: 1 | G11: 60 | H11: TRUE | I11: 술 깨기 3/4. 기존 패턴의 피할 시간·엇박 추가 시간으로 속도 조절.
A12: 10002 | B12: =IF(A12="","",IF(COUNTIF('MonsterPhase'!$A$2:$A$203,A12)=0,"ID 확인",INDEX('MonsterPhase'!$B$2:$B$203,MATCH(A12,'MonsterPhase'!$A$2:$A$203,0)))) -> 취객 | C12: 4 | D12: 20001 | E12: =IF(D12="","",IF(COUNTIF('AttackPattern'!$A$2:$A$203,D12)=0,"ID 확인",INDEX('AttackPattern'!$B$2:$B$203,MATCH(D12,'AttackPattern'!$A$2:$A$203,0)))) -> 랜덤 단일 | F12: 1 | G12: 40 | H12: TRUE | I12: 단일 공격: 40
A13: 10002 | B13: =IF(A13="","",IF(COUNTIF('MonsterPhase'!$A$2:$A$203,A13)=0,"ID 확인",INDEX('MonsterPhase'!$B$2:$B$203,MATCH(A13,'MonsterPhase'!$A$2:$A$203,0)))) -> 취객 | C13: 4 | D13: 20013 | E13: =IF(D13="","",IF(COUNTIF('AttackPattern'!$A$2:$A$203,D13)=0,"ID 확인",INDEX('AttackPattern'!$B$2:$B$203,MATCH(D13,'AttackPattern'!$A$2:$A$203,0)))) -> 더 빠른 엇박 단일 | F13: 1 | G13: 60 | H13: TRUE | I13: 술 깨기 4/4. 기존 패턴의 피할 시간·엇박 추가 시간으로 속도 조절.
... A23: 10003 | B23: =IF(A23="","",IF(COUNTIF('MonsterPhase'!$A$2:$A$203,A23)=0,"ID 확인",INDEX('MonsterPhase'!$B$2:$B$203,MATCH(A23,'MonsterPhase'!$A$2:$A$203,0)))) -> 샌즈 | C23: 3 | D23: 20020 | E23: =IF(D23="","",IF(COUNTIF('AttackPattern'!$A$2:$A$203,D23)=0,"ID 확인",INDEX('AttackPattern'!$B$2:$B$203,MATCH(D23,'AttackPattern'!$A$2:$A$203,0)))) -> 샌즈 블래스터 | F23: 20 | G23: 50 | H23: TRUE | I23: 대사 진행 시험용 초기값: 밀치기/블래스터 각 50, 피해 20. 조절 가능.

Sheet MonsterPhase
A1: MonsterID | B1: Name | C1: PhaseID | D1: IsInitial | E1: MaxHP | F1: GaugeMax | G1: ParryGain | H1: GuardGain | I1: DodgeGain | J1: RecoveryMs | K1: AttackSpeed | L1: TransitionTrigger | M1: NextPhaseID | N1: PlayerDodgeMissCount | O1: EntryDialogueGroupID | P1: PauseForEntryDialogue | Q1: DesignStatus | R1: OpeningDamageDisplay
A2: 10001 | B2: 취준좀비 | C2: 1 | D2: TRUE | E2: 1000 | F2: 100 | G2: 50 | H2: 0 | I2: 15 | J2: 800 | K2: 1 | L2: HP 0 | M2: 2 | N2: 0 | P2: TRUE | Q2: 페이즈 규칙 확정·수치 임시
A3: 10001 | B3: 취준좀비 | C3: 2 | D3: FALSE | E3: 300 | F3: 100 | G3: 50 | H3: 0 | I3: 15 | J3: 800 | K3: 1.5 | L3: 없음 | N3: 0 | O3: 80051 | P3: TRUE | Q3: HP 300 부활. 실제 부활 모션이 끝난 뒤 유머 대사, 입력 후 전투 재개.
A4: 10002 | B4: 취객 | C4: 1 | D4: TRUE | E4: 750 | F4: 100 | G4: 50 | H4: 0 | I4: 15 | J4: 1000 | K4: 1 | L4: 빈틈공격 성공 | M4: 2 | N4: 0 | P4: FALSE | Q4: 술 깨기 1/4. 단계당 HP 750. 명중한 빈틈 종료 → 대사 → 다음 페이즈. 엇박 20011.
A5: 10002 | B5: 취객 | C5: 2 | D5: FALSE | E5: 750 | F5: 100 | G5: 50 | H5: 0 | I5: 15 | J5: 1000 | K5: 1 | L5: 빈틈공격 성공 | M5: 3 | N5: 0 | P5: FALSE | Q5: 술 깨기 2/4. 단계당 HP 750. 명중한 빈틈 종료 → 대사 → 다음 페이즈. 엇박 20002.
A6: 10002 | B6: 취객 | C6: 3 | D6: FALSE | E6: 750 | F6: 100 | G6: 50 | H6: 0 | I6: 15 | J6: 1000 | K6: 1 | L6: 빈틈공격 성공 | M6: 4 | N6: 0 | P6: FALSE | Q6: 술 깨기 3/4. 단계당 HP 750. 명중한 빈틈 종료 → 대사 → 다음 페이즈. 엇박 20012.
A7: 10002 | B7: 취객 | C7: 4 | D7: FALSE | E7: 750 | F7: 100 | G7: 50 | H7: 0 | I7: 15 | J7: 1000 | K7: 1 | L7: 빈틈공격 성공 | N7: 0 | P7: FALSE | Q7: 술 깨기 4/4. 단계당 HP 750. 명중한 빈틈 종료 → 대사 → 전투 승리. 엇박 20013.
A8: 10003 | B8: 샌즈 | C8: 1 | D8: TRUE | E8: 1 | F8: 100 | G8: 50 | H8: 0 | I8: 15 | J8: 800 | K8: 1 | L8: HP 0 | M8: 2 | N8: 1 | P8: TRUE | Q8: 첫 빈틈의 첫 MISS부터 대사(정지 없음). 다음 빈틈은 999999 연타 표시, 종료 후 명중 대사·전환. | R8: 999999
A9: 10003 | B9: 샌즈 | C9: 2 | D9: FALSE | E9: 1 | F9: 100 | G9: 50 | H9: 0 | I9: 15 | J9: 750 | K9: 1.2 | L9: HP 0 | M9: 3 | N9: 1 | P9: TRUE | Q9: 첫 빈틈의 첫 MISS부터 대사(정지 없음). 다음 빈틈은 999999 연타 표시, 종료 후 명중 대사·전환. | R9: 999999
A10: 10003 | B10: 샌즈 | C10: 3 | D10: FALSE | E10: 1 | F10: 100 | G10: 50 | H10: 0 | I10: 15 | J10: 700 | K10: 1.5 | L10: HP 0 | N10: 1 | P10: FALSE | Q10: 첫 빈틈의 첫 MISS부터 대사(정지 없음). 다음 빈틈은 999999 연타 표시, 종료 후 명중 대사·전환. | R10: 999999

Sheet ShapePool
A1: ShapePoolID | B1: Candidate | C1: SelectMode | D1: Tiles | E1: Weight | F1: Enabled | G1: Notes
A2: 60001 | B2: 1 | C2: 플레이어 행 | E2: 25 | F2: TRUE | G2: 현재 플레이어 행에 맞는 1개 선택
A3: 60001 | B3: 2 | C3: 플레이어 열 | E3: 25 | F3: TRUE | G3: 현재 플레이어 열에 맞는 1개 선택
A4: 60001 | B4: 3 | C4: 직접 입력 | D4: 1,2,4,5 | E4: 5 | F4: TRUE | G4: 사각형
A5: 60001 | B5: 4 | C5: 직접 입력 | D5: 2,3,5,6 | E5: 5 | F5: TRUE | G5: 사각형
A6: 60001 | B6: 5 | C6: 직접 입력 | D6: 4,5,7,8 | E6: 5 | F6: TRUE | G6: 사각형
A7: 60001 | B7: 6 | C7: 직접 입력 | D7: 5,6,8,9 | E7: 5 | F7: TRUE | G7: 사각형
A8: 60001 | B8: 7 | C8: 직접 입력 | D8: 2,4,5,6,8 | E8: 10 | F8: TRUE | G8: 십자선
A9: 60001 | B9: 8 | C9: 직접 입력 | D9: 1,3,5,7,9 | E9: 10 | F9: TRUE | G9: X자
A10: 60001 | B10: 9 | C10: 직접 입력 | D10: 1,2,3,4,5,6,7,8,9 | E10: 10 | F10: TRUE | G10: 타일 전체
A11: 60002 | B11: 1 | C11: 플레이어 행 | E11: 25 | F11: TRUE | G11: 현재 플레이어 행에 맞는 1개 선택
A12: 60002 | B12: 2 | C12: 플레이어 열 | E12: 25 | F12: TRUE | G12: 현재 플레이어 열에 맞는 1개 선택
A13: 60002 | B13: 3 | C13: 직접 입력 | D13: 1,2,4,5 | E13: 5 | F13: TRUE | G13: 사각형
A14: 60002 | B14: 4 | C14: 직접 입력 | D14: 2,3,5,6 | E14: 5 | F14: TRUE | G14: 사각형
A15: 70001 | B15: 1 | C15: 플레이어 행 | E15: 33 | F15: TRUE | G15: 현재 플레이어 행 선택
A16: 70001 | B16: 2 | C16: 플레이어 열 | E16: 33 | F16: TRUE | G16: 현재 플레이어 열 선택
A17: 70001 | B17: 3 | C17: 직접 입력 | D17: 3,5,7 | E17: 17 | F17: TRUE | G17: 대각선
A18: 70001 | B18: 4 | C18: 직접 입력 | D18: 1,5,9 | E18: 17 | F18: TRUE | G18: 대각선
A19: 60003 | B19: 1 | C19: 플레이어 행 | E19: 25 | F19: TRUE | G19: 현재 플레이어 행에 맞는 1개 선택
A20: 60003 | B20: 2 | C20: 플레이어 열 | E20: 25 | F20: TRUE | G20: 현재 플레이어 열에 맞는 1개 선택
A21: 60003 | B21: 3 | C21: 직접 입력 | D21: 1,2,4,5 | E21: 5 | F21: TRUE | G21: 사각형
A22: 60003 | B22: 4 | C22: 직접 입력 | D22: 2,3,5,6 | E22: 5 | F22: TRUE | G22: 사각형
A23: 60003 | B23: 5 | C23: 직접 입력 | D23: 4,5,7,8 | E23: 5 | F23: TRUE | G23: 사각형
A24: 60003 | B24: 6 | C24: 직접 입력 | D24: 5,6,8,9 | E24: 5 | F24: TRUE | G24: 사각형
A25: 60003 | B25: 7 | C25: 직접 입력 | D25: 2,4,5,6,8 | E25: 10 | F25: TRUE | G25: 십자선
A26: 60003 | B26: 8 | C26: 직접 입력 | D26: 1,3,5,7,9 | E26: 10 | F26: TRUE | G26: X자

Sheet PlayerStatus
A1: PlayerID | B1: Name | C1: MaxHP | D1: DodgeDamage | E1: GuardMax | F1: ParryMs | G1: GuardHitCost | H1: GuardHoldPerSec | I1: GuardRegenPerSec | J1: GuardBreakSec
A2: 1 | B2: 주인공 | C2: 100 | D2: 30 | E2: 100 | F2: 200 | G2: 40 | H2: 40 | I2: 30 | J2: 2

Sheet CombatRule
A1: RuleID | B1: Value | C1: Description
A2: DefaultResponseMs | B2: 750 | C2: 공격 만들기의 피할 시간이 빈칸이면 750ms.
A3: DefaultGapMinMs | B3: 300 | C3: 예고 간격 최소가 빈칸이면 300ms.
A4: DefaultGapMaxMs | B4: 600 | C4: 예고 간격 최대가 빈칸이면 600ms.
A5: DefaultPushLeadMs | B5: 300 | C5: 밀기 전 예고가 빈칸이면 300ms. 임시.
A6: DefaultPushMoveMs | B6: 150 | C6: 밀려나는 시간이 빈칸이면 150ms. 임시.
A7: AoeExtraResponseMs | B7: 200 | C7: 선택된 범위 중 전체 9칸 동시 타격이 하나라도 있으면 반응 여유 200ms 추가. 경로 순차 9타에는 미적용. FFF 원본 기준.
A8: TileRestoreSec | B8: 6 | C8: 타일 파괴 후 이동 불가. 6초 뒤 복구. 공격속도 배율 제외.
A9: GroggyDrainPerSec | B9: 30 | C9: 빈틈 공격 중 게이지 초당 감소. 기존값.
A10: PostGroggyLockMs | B10: 500 | C10: 빈틈 종료 후 공격 제한. 기존값.
A11: PushBoundary | B11: 반대쪽 확인 후 취소 | C11: 예정 목적지가 경계 밖·파괴 타일이면 반대쪽 같은 거리 확인. 둘 다 불가하면 패턴 취소 후 공격 후 대기. 임시.
A12: PushInput | B12: 이동 종료 후 허용 | C12: 강제 이동 중 기본 이동 중지. 대기 입력 예약 없이 종료부터 방향키 이동 허용. 강제 이동은 회피 성공으로 세지 않음. 임시.
... A14: CombatPause | B14: 전투 시간만 정지 | C14: 대화로 전투 정지 시 공격·이동·게이지·복구 시간 정지. 대화 넘김은 진행.

Sheet Guide
A1: Group | B1: Topic | C1: Description
A2: 규약 | B2: 출처 | C2: https://app.notion.com/p/3ef648bf677880ac939bde40fc57a243
A3: 규약 | B3: 행 배치 | C3: 모든 데이터 시트는 1행 영문 변수명, 2행부터 실제 데이터입니다. 한글 이름과 설명은 1행 메모에 있습니다. 중간 빈 행은 넣지 않습니다.
A4: 임포트 계약 | B4: 클래스 이름 | C4: 시트명은 아래 제안한 C# 클래스명과 같습니다. 현재 C# 클래스는 미정입니다. 실제 코드에서 같은 이름과 자료형을 선언해야 하며, 임포터 실행 검증은 별도입니다.
A5: 임포트 계약 | B5: 가이드 제외 | C5: Guide와 TextEffectGuide는 설명용입니다. 임포터 대상에서 제외하고 아래 10개 데이터 시트만 읽으세요.
A6: 임포트 계약 | B6: 복합 키 | C6: MonsterPhase는 MonsterID+PhaseID, MonsterPattern은 MonsterID+PhaseID+PatternID, ShapePool은 ShapePoolID+Candidate로 행을 구분합니다. 이 시트들은 첫 ID만으로 Dictionary 키를 만들면 정상적인 반복 ID가 중복 오류로 처리되므로 반드시 복합 키 또는 그룹 목록으로 읽으세요.
A7: 임포트 계약 | B7: Boolean | C7: 참/거짓은 Excel 논리값 TRUE/FALSE로 저장합니다. 켜기·끄기 또는 숫자 1/0을 데이터에 쓰지 않습니다.
A8: 임포트 계약 | B8: 선택 숫자의 빈칸 | C8: 자료형 끝에 ?가 붙은 선택 숫자는 빈칸을 null로 읽습니다. int? / double?에 대응합니다. 빈칸을 0으로 바꾸면 동작이 달라질 수 있습니다. 임포터가 Nullable을 지원하는지 구현 시 확인하세요. 실제 수치 0은 숫자 0을 입력합니다.
A9: 임포트 계약 | B9: 기본값 | C9: ResponseMs·GapMinMs·GapMaxMs·PushLeadMs·PushMoveMs의 빈칸은 CombatRule 기본값 사용. OpeningDamageDisplay의 빈칸은 PlayerStatus.DodgeDamage 사용. NextPhaseID·EntryDialogueGroupID의 빈칸은 연결 없음.
A10: 임포트 계약 | B10: 문자열 및 목록 | C10: 문자열 양끝 공백은 제거했습니다. 타일 목록은 1,2,3처럼 공백 없는 쉼표입니다. 빈 문자열은 비어 있는 셀로 저장할 수 있습니다.
A11: 임포트 계약 | B11: 좌표 기준 | C11: 상단 왼쪽부터 1,2,3 / 가운데 4,5,6 / 하단 7,8,9입니다. 문서의 상단 가로줄 예시 1,2,3에 맞추며 PC 숫자 키패드의 상하 배치를 뒤집어 읽지 않습니다.
A12: 임포트 계약 | B12: 문자열 선택값 | C12: RangeMode·TransitionTrigger·EventType 등 기존 선택값은 한글 문자열을 유지했습니다. 현재 enum 번호나 영문 enum 이름은 합의하지 않았습니다. 임포터/실행 코드에서 대응표의 문자열을 정확히 처리하세요.
... A207: 보류한 원본 데이터 | B207: MonsterPhase 10100/3 | C207: MonsterID=10100; Name=마왕; PhaseID=3; IsInitial=끄기; MaxHP=(빈칸); GaugeMax=(빈칸); ParryGain=(빈칸); GuardGain=(빈칸); DodgeGain=(빈칸); RecoveryMs=(빈칸); AttackSpeed=(빈칸); TransitionTrigger=없음; NextPhaseID=(빈칸); PlayerDodgeMissCount=0; EntryDialogueGroupID=(빈칸); PauseForEntryDialogue=켜기; DesignStatus=전환 조건·HP·패턴 미정; OpeningDamageDisplay=(빈칸)

Sheet Dialogue
A1: DialogueID | B1: GroupID | C1: Order | D1: Speaker | E1: Text | F1: Notes
A2: 900005 | B2: 80001 | C2: 1 | D2: 몬스터 | E2: <wave=1>으어... <wait=0.35>내, <wait=0.25>내일 언데드 보험회사?<wait=0.25> 면접이 있거든요...</wave> | F2: 기존 좀비 원문
A3: 900006 | B3: 80001 | C3: 3 | D3: 플레이어 | E3: 언데드가 보험? <pulse=1.15>이미 죽었는데 보험이 필요 있나?</pulse> | F3: 기존 좀비 원문
A4: 900007 | B4: 80001 | C4: 4 | D4: 몬스터 | E4: <wave=1>어, 어허!<wait=0.25> 그건</wave> <shake=1>종족차별,<wait=0.25> 발언</shake><wave=1>입니다...!</wave> | F4: 기존 좀비 원문
A5: 900008 | B5: 80001 | C5: 5 | D5: 플레이어 | E5: 알았다구요~ 원하는 스타일은 있나요? | F5: 기존 좀비 원문
A6: 900014 | B6: 80002 | C6: 1 | D6: 몬스터 | E6: 으어어... 내,<wait=0.25> 내일 면접이니까... <color=#266B4D>앞이 좀 환해지고</color>,<wait=0.25> <color=#9A4935>미, <wait=0.25>민망한 곳은 안 보였으면</color> 좋겠어요... | F6: 미용 요구 · 선택지 연결
A7: 900015 | B7: 80003 | C7: 1 | D7: 몬스터 | E7: 아, <wait=0.25>앞머리를 좀,<wait=0.25> 잘라서<wait=0.25> <color=#266B4D>두 눈이 잘 보이게</color>,<wait=0.25> 좀 해 주세요... <color=#9A4935>뇌,<wait=0.25> 뇌가 좀 튀어나와서...<wait=0.35> 머리카락으로 가려</color> 주시고요...<wait=0.35> <wave=1.2>부,<wait=0.25> 부탁드립니다,<wait=0.25> 으어...</wave> | F7: 미용 요구 · 선택지 연결
A8: 900016 | B8: 80004 | C8: 1 | D8: 몬스터 | E8: 아니, 앞이 안 보인다고요! 당장 '가위'를 들어서 내 눈을 가리는 앞머리를 싹 다 잘라달란 말입니다! | F8: 기존 좀비 원문
A9: 900017 | B9: 80005 | C9: 1 | D9: 몬스터 | E9: 으어어…<wait=0.35> 제 눈을 직접 본 건...<wait=0.35> 죽은 뒤로 처음이에요,<wait=0.25> 으어... | F9: 기존 좀비 원문
A10: 900018 | B10: 80006 | C10: 1 | D10: 몬스터 | E10: 으어어…<wait=0.35> 이, <wait=0.25>일단 앞은 보이네요… <wait=0.35>이 정도면 면접관님은 보이겠어요...<wait=0.35> | F10: 기존 좀비 원문
A11: 900019 | B11: 80007 | C11: 1 | D11: 몬스터 | E11: <shake=1.4>으어... <wait=0.35>으어?<wait=0.35> 으어어어어!!!!!</shake> | F11: 기존 좀비 원문
A12: 900020 | B12: 80008 | C12: 1 | D12: 몬스터 | E12: 머,<wait=0.25> 머리도 잘 됐는데... <wait=0.35>하,<wait=0.25> 한 번 기세를, <wait=0.25>제 기세를 시험해 주시겠습니까...?<wait=0.35> 으어,<wait=0.25> 면접 때 잘 싸울 수,<wait=0.25> 아,<wait=0.25> 아니 말할 수 있는지...... | F12: 기존 좀비 원문
A13: 900021 | B13: 80008 | C13: 2 | D13: 몬스터 | E13: 그, <wait=0.25>그니까 이게,<wait=0.25> 여,<wait=0.25> 연습 야차 상대를...<wait=0.35> 부탁드린다고요... <wait=0.35>이기면 호, <wait=0.25>홍보라도 해 드릴게요...<wait=0.35> 으어... | F13: 기존 좀비 원문
... A130: 900136 | B130: 80088 | C130: 1 | D130: 몬스터 | E130: 왔을 때보다 뿔이 더 많군요. “요구 이상의 성과”라고 적기에는 방향이 반대입니다만. | F130: 마왕 부하 · 처음보다 뿔이 더 많아졌을 때

Sheet DialogueGroup
A1: GroupID | B1: Name | C1: PlaybackMode | D1: PauseCombat | E1: AdvanceMode | F1: CPS | G1: HoldMs | H1: GapMs | I1: Notes | J1: ActorEffect | K1: FinishEffect
A2: 80001 | B2: 좀비 등장 대화 | C2: 순서대로 | D2: TRUE | E2: 입력 | F2: 30 | G2: 1500 | H2: 0 | I2: 원본의 대사 연결 순서를 순번으로 옮김. 본문은 그대로 유지. | J2: 없음 | K2: 없음
A3: 80002 | B3: 취준좀비 · 형태 만들기 · 처음 부탁 | C3: 순서대로 | D3: TRUE | E3: 입력 | F3: 30 | G3: 1500 | H3: 0 | I3: 미용 대사 연결에서 선택하는 부탁 | J3: 없음 | K3: 없음
A4: 80003 | B4: 취준좀비 · 형태 만들기 · 자세한 부탁 | C4: 순서대로 | D4: TRUE | E4: 입력 | F4: 30 | G4: 1500 | H4: 0 | I4: 미용 대사 연결에서 선택하는 부탁 | J4: 없음 | K4: 없음
A5: 80004 | B5: 미용 요청 · 두 번째 되묻기 | C5: 순서대로 | D5: TRUE | E5: 입력 | F5: 30 | G5: 1500 | H5: 0 | I5: 원본의 대사 연결 순서를 순번으로 옮김. 본문은 그대로 유지. | J5: 없음 | K5: 없음
A6: 80005 | B6: 미용 대성공 · 결과 반응 | C6: 순서대로 | D6: TRUE | E6: 입력 | F6: 30 | G6: 1500 | H6: 0 | I6: 원본의 대사 연결 순서를 순번으로 옮김. 본문은 그대로 유지. | J6: 없음 | K6: 없음
A7: 80006 | B7: 미용 보통 성공 · 결과 반응 | C7: 순서대로 | D7: TRUE | E7: 입력 | F7: 30 | G7: 1500 | H7: 0 | I7: 원본의 대사 연결 순서를 순번으로 옮김. 본문은 그대로 유지. | J7: 없음 | K7: 없음
A8: 80007 | B8: 미용 실패 · 결과 반응 | C8: 순서대로 | D8: TRUE | E8: 입력 | F8: 30 | G8: 1500 | H8: 0 | I8: 원본의 대사 연결 순서를 순번으로 옮김. 본문은 그대로 유지. | J8: 없음 | K8: 없음
A9: 80008 | B9: 미용 대성공 · 야차 제안 | C9: 순서대로 | D9: TRUE | E9: 입력 | F9: 30 | G9: 1500 | H9: 0 | I9: 원본의 대사 연결 순서를 순번으로 옮김. 본문은 그대로 유지. | J9: 없음 | K9: 없음
A10: 80009 | B10: 미용 보통 성공 · 야차 제안 | C10: 순서대로 | D10: TRUE | E10: 입력 | F10: 30 | G10: 1500 | H10: 0 | I10: 원본의 대사 연결 순서를 순번으로 옮김. 본문은 그대로 유지. | J10: 없음 | K10: 없음
A11: 80010 | B11: 미용 실패 · 필수 야차 통보 | C11: 순서대로 | D11: TRUE | E11: 입력 | F11: 30 | G11: 1500 | H11: 0 | I11: 원본의 대사 연결 순서를 순번으로 옮김. 본문은 그대로 유지. | J11: 없음 | K11: 없음
A12: 80011 | B12: 미용 실패 · 배상 완료 | C12: 순서대로 | D12: TRUE | E12: 입력 | F12: 30 | G12: 1500 | H12: 0 | I12: 원본의 대사 연결 순서를 순번으로 옮김. 본문은 그대로 유지. | J12: 없음 | K12: 없음
A13: 80012 | B13: 미용 대성공 · 야차 거절 | C13: 순서대로 | D13: TRUE | E13: 입력 | F13: 30 | G13: 1500 | H13: 0 | I13: 원본의 대사 연결 순서를 순번으로 옮김. 본문은 그대로 유지. | J13: 없음 | K13: 없음
... A89: 80088 | B89: 마왕 부하 · 처음보다 뿔이 더 많아졌을 때 | C89: 순서대로 | D89: FALSE | E89: 자동 | F89: 30 | G89: 5500 | H89: 100 | I89: 미용 중 반응 · 조건과 재생 시점은 미용 설정 | J89: 없음 | K89: 없음

Sheet CombatDialogue
A1: TriggerID | B1: MonsterID | C1: PhaseID | D1: EventType | E1: PatternID | F1: BeautyCondition | G1: GroupID | H1: HPThresholdPct | I1: CooldownMs | J1: MaxPerBattle | K1: Enabled | L1: Notes | M1: EventCount
A2: 100001 | B2: 10001 | D2: 전투 시작 | F2: 미용 성공 | G2: 80016 | I2: 0 | J2: 1 | K2: FALSE | L2: 기존 미용 분기 대사 보관. 현재는 전투 전용 공통 연결을 사용하며 등장·미용 흐름은 보류.
A3: 100002 | B3: 10001 | D3: 공격 시작 | F3: 미용 성공 | G3: 80018 | I3: 8000 | J3: 0 | K3: FALSE | L3: 기존 미용 분기 대사 보관. 현재는 전투 전용 공통 연결을 사용하며 등장·미용 흐름은 보류.
A4: 100003 | B4: 10001 | D4: 몬스터 HP 이하 | F4: 미용 성공 | G4: 80020 | I4: 0 | J4: 1 | K4: FALSE | L4: 기존 미용 분기 대사 보관. 현재는 전투 전용 공통 연결을 사용하며 등장·미용 흐름은 보류.
A5: 100004 | B5: 10001 | D5: 플레이어 HP 이하 | F5: 미용 성공 | G5: 80022 | I5: 0 | J5: 1 | K5: FALSE | L5: 기존 미용 분기 대사 보관. 현재는 전투 전용 공통 연결을 사용하며 등장·미용 흐름은 보류.
A6: 100005 | B6: 10001 | D6: 승리 | F6: 미용 성공 | G6: 80026 | I6: 0 | J6: 1 | K6: FALSE | L6: 기존 미용 분기 대사 보관. 현재는 전투 전용 공통 연결을 사용하며 등장·미용 흐름은 보류.
A7: 100006 | B7: 10001 | D7: 패배 | F7: 미용 성공 | G7: 80027 | I7: 0 | J7: 1 | K7: FALSE | L7: 기존 미용 분기 대사 보관. 현재는 전투 전용 공통 연결을 사용하며 등장·미용 흐름은 보류.
A8: 100007 | B8: 10001 | D8: 전투 시작 | F8: 미용 실패 | G8: 80017 | I8: 0 | J8: 1 | K8: FALSE | L8: 기존 미용 분기 대사 보관. 현재는 전투 전용 공통 연결을 사용하며 등장·미용 흐름은 보류.
A9: 100008 | B9: 10001 | D9: 공격 시작 | F9: 미용 실패 | G9: 80019 | I9: 8000 | J9: 0 | K9: FALSE | L9: 기존 미용 분기 대사 보관. 현재는 전투 전용 공통 연결을 사용하며 등장·미용 흐름은 보류.
A10: 100009 | B10: 10001 | D10: 몬스터 HP 이하 | F10: 미용 실패 | G10: 80021 | I10: 0 | J10: 1 | K10: FALSE | L10: 기존 미용 분기 대사 보관. 현재는 전투 전용 공통 연결을 사용하며 등장·미용 흐름은 보류.
A11: 100010 | B11: 10001 | D11: 플레이어 HP 이하 | F11: 미용 실패 | G11: 80023 | I11: 0 | J11: 1 | K11: FALSE | L11: 기존 미용 분기 대사 보관. 현재는 전투 전용 공통 연결을 사용하며 등장·미용 흐름은 보류.
A12: 100011 | B12: 10001 | D12: 승리 | F12: 미용 실패 | G12: 80024 | I12: 0 | J12: 1 | K12: FALSE | L12: 기존 미용 분기 대사 보관. 현재는 전투 전용 공통 연결을 사용하며 등장·미용 흐름은 보류.
A13: 100012 | B13: 10001 | D13: 패배 | F13: 미용 실패 | G13: 80025 | I13: 0 | J13: 1 | K13: FALSE | L13: 기존 미용 분기 대사 보관. 현재는 전투 전용 공통 연결을 사용하며 등장·미용 흐름은 보류.
A14: 100013 | B14: 10002 | C14: 1 | D14: 전투 시작 | F14: 공통 | G14: 80036 | I14: 0 | J14: 1 | K14: TRUE | L14: 사건 발생 시 한 번 재생.
A15: 100014 | B15: 10003 | C15: 1 | D15: 전투 시작 | F15: 공통 | G15: 80037 | I15: 0 | J15: 1 | K15: TRUE | L15: 사건 발생 시 한 번 재생.
A16: 100015 | B16: 10002 | C16: 1 | D16: 빈틈공격 성공 | F16: 공통 | G16: 80038 | I16: 0 | J16: 1 | K16: TRUE | L16: 해당 페이즈에서 명중한 빈틈이 끝난 뒤 한 번. 대사 후 다음 페이즈 또는 승리.
A17: 100016 | B17: 10002 | C17: 2 | D17: 빈틈공격 성공 | F17: 공통 | G17: 80039 | I17: 0 | J17: 1 | K17: TRUE | L17: 해당 페이즈에서 명중한 빈틈이 끝난 뒤 한 번. 대사 후 다음 페이즈 또는 승리.
A18: 100017 | B18: 10002 | C18: 3 | D18: 빈틈공격 성공 | F18: 공통 | G18: 80040 | I18: 0 | J18: 1 | K18: TRUE | L18: 해당 페이즈에서 명중한 빈틈이 끝난 뒤 한 번. 대사 후 다음 페이즈 또는 승리.
A19: 100018 | B19: 10002 | C19: 4 | D19: 빈틈공격 성공 | F19: 공통 | G19: 80041 | I19: 0 | J19: 1 | K19: TRUE | L19: 해당 페이즈에서 명중한 빈틈이 끝난 뒤 한 번. 대사 후 다음 페이즈 또는 승리.
A20: 100019 | B20: 10002 | C20: 4 | D20: 승리 | F20: 공통 | G20: 80042 | I20: 0 | J20: 1 | K20: TRUE | L20: 사건 발생 시 한 번 재생.
A21: 100020 | B21: 10003 | C21: 1 | D21: 빈틈공격 MISS | F21: 공통 | G21: 80043 | I21: 0 | J21: 1 | K21: TRUE | L21: 첫 MISS 순간 대사 시작. 같은 빈틈의 후속 MISS에는 재시작하지 않음. 전투 정지 없음. | M21: 1
A22: 100021 | B22: 10003 | C22: 1 | D22: 빈틈공격 성공 | F22: 공통 | G22: 80044 | I22: 0 | J22: 1 | K22: TRUE | L22: 1번째 명중한 빈틈 종료 후 한 번 재생. 연타 개수는 세지 않음. | M22: 1
A23: 100022 | B23: 10003 | C23: 2 | D23: 빈틈공격 MISS | F23: 공통 | G23: 80045 | I23: 0 | J23: 1 | K23: TRUE | L23: 첫 MISS 순간 대사 시작. 같은 빈틈의 후속 MISS에는 재시작하지 않음. 전투 정지 없음. | M23: 1
A24: 100023 | B24: 10003 | C24: 2 | D24: 빈틈공격 성공 | F24: 공통 | G24: 80046 | I24: 0 | J24: 1 | K24: TRUE | L24: 1번째 명중한 빈틈 종료 후 한 번 재생. 연타 개수는 세지 않음. | M24: 1
A25: 100024 | B25: 10003 | C25: 3 | D25: 빈틈공격 MISS | F25: 공통 | G25: 80047 | I25: 0 | J25: 1 | K25: TRUE | L25: 첫 MISS 순간 대사 시작. 같은 빈틈의 후속 MISS에는 재시작하지 않음. 전투 정지 없음. | M25: 1
A26: 100025 | B26: 10003 | C26: 3 | D26: 빈틈공격 성공 | F26: 공통 | G26: 80048 | I26: 0 | J26: 1 | K26: TRUE | L26: 1번째 명중한 빈틈 종료 후 한 번 재생. 연타 개수는 세지 않음. | M26: 1
A27: 100026 | B27: 10001 | D27: 공격 시작 | F27: 공통 | G27: 80049 | I27: 9000 | J27: 0 | K27: TRUE | L27: 등장·미용과 분리한 전투 대사.
A28: 100027 | B28: 10001 | D28: 빈틈 발생 | F28: 공통 | G28: 80050 | I28: 12000 | J28: 2 | K28: TRUE | L28: 등장·미용과 분리한 전투 대사.
A29: 100028 | B29: 10001 | D29: 승리 | F29: 공통 | G29: 80052 | I29: 0 | J29: 1 | K29: TRUE | L29: 등장·미용과 분리한 전투 대사.
A30: 100029 | B30: 10001 | D30: 패배 | F30: 공통 | G30: 80053 | I30: 0 | J30: 1 | K30: TRUE | L30: 등장·미용과 분리한 전투 대사.

Sheet TextEffectGuide
A1: Tag | B1: Example | C1: Description
A2: color | B2: <color=#FFD166>으하하하!</color> | C2: 글자색을 바꿉니다. #RRGGBB 또는 white/red 등 기본 색 이름을 씁니다.
A3: shake | B3: <shake=2 speed=16 dur=0.5>어이쿠!</shake> | C3: 글자를 떨리게 합니다. 2는 흔들림 크기, speed는 속도, dur는 지속 초입니다. dur 생략/0이면 대사 동안 계속합니다.
A4: wave | B4: <wave=3 speed=5>오랜만이구먼!</wave> | C4: 글자가 물결처럼 위아래로 움직입니다. 3은 높이, speed는 움직이는 속도입니다.
A5: wait | B5: 잠깐,<wait=0.4> 우리... 친구잖아? | C5: 이 위치에서 타이핑을 0.4초 쉽니다. 전투 시간을 멈출지는 대화 그룹에서 정합니다.
A6: cps | B6: <cps=16>눈치 빠른 애송이들이...</cps> | C6: 이 구간만 초당 글자 수를 바꿉니다. 0은 즉시 표시입니다.
A7: speed | B7: <speed=0.7>천천히</speed> | C7: 기본 타이핑 속도에 곱합니다. 0.7은 더 느리고 2는 두 배입니다.
A8: size | B8: <size=24>으하하하!</size> | C8: 이 구간의 글자 크기입니다. 화면 픽셀 기준이며 기본 크기는 17입니다.
A9: pulse | B9: <pulse=1.1 speed=7>으하하하!</pulse> | C9: 글자가 1.1배까지 가볍게 커졌다 작아집니다.
A10: fade | B10: <fade=0.3>서서히</fade> | C10: 각 글자가 나타난 뒤 0.3초 동안 천천히 선명해집니다.
A11: rainbow | B11: <rainbow=0.6 speed=3>반짝이는 색</rainbow> | C11: 시간에 따라 글자색을 무지개색으로 바꿉니다. 값은 색의 강도 0~1입니다.
A12: 중첩 | B12: <color=#8BE9FD><shake=2>친구잖아..?</shake></color> | C12: 효과는 겹쳐 쓸 수 있습니다. 연 태그는 반대 순서로 닫습니다.
... A14: 말투 참고 | B14: https://undertale.com/alarmclock/sans/ | C14: 샌즈 말투는 공식 대사에서 짧은 말끝·뜸 들임·건조한 농담을 참고. 전투 대사는 사용자 제시 문장과 새 창작 문장으로 구성.

Sheet SalonDialogue
A1: MonsterID | B1: Stage | C1: RequestGroupID | D1: DetailGroupID
A2: 10001 | B2: cut | C2: 80002 | D2: 80003
A3: 10001 | B3: draw | C3: 80055 | D3: 80068
A4: 10001 | B4: attach | C4: 80054 | D4: 80069
A5: 10003 | B5: cut | C5: 80062 | D5: 80070
A6: 10003 | B6: draw | C6: 80071 | D6: 80072
A7: 10003 | B7: attach | C7: 80063 | D7: 80073
A8: 10004 | B8: cut | C8: 80074 | D8: 80075
A9: 10004 | B9: draw | C9: 80076 | D9: 80077
A10: 10004 | B10: attach | C10: 80078 | D10: 80079
